schema_version,run_id,run_type,test_time_utc,git_commit,git_dirty,config_id,config_sha256,target_kind,target,task_name,step_name,operator_name,case_id,scale_id,order_of_magnitude,actual_elements,input_shape,dtype,device,backend,timing_scope,status,error_code,warmup_runs,measured_runs,mean_ms,p50_ms,p95_ms,p99_ms,min_ms,max_ms,std_ms,cv,cpu_gpu_speedup,accuracy_reference,mse,rmse,relative_l2,relative_linf,exact_match,mismatch_count,semantic_check,accuracy_status,accuracy_threshold_set_id,accuracy_thresholds_sha256,cpu_heap_before_bytes,cpu_heap_after_bytes,cpu_heap_peak_bytes,cpu_heap_delta_bytes,rss_before_bytes,rss_after_bytes,rss_peak_bytes,rss_delta_bytes,gpu_before_bytes,gpu_after_bytes,gpu_peak_bytes,gpu_delta_bytes,return_code,stability_case_index,stability_total_cases,perturbation_file,perturbation_sha256,perturbation_summary,input_mode,input_source_file,input_source_sha256,selection_seed,profile_entry_id
1,20260814T021000Z_8841247_target_semantic_1000,stability,2026-08-14T01:24:47Z,88412479051830431ace7e6127a7d455cba72a9c,false,stage10_stability_formal_1000_v1,9dea2ecdcfad71439b62ae91d497ee068efe8001ef76d77b75143611adb0098a,task,Task1.step1,Task1,step1,chirp+echo_synthesis,stage10_pair_0117_a8f36959,task1_s10_baseline,10^4,32768,"[64,512]",ComplexFP32,cpu,fft_thrust,compatibility/step,PASS,OK,0,1,4.99871399999999966e+00,4.99871399999999966e+00,4.99871399999999966e+00,4.99871399999999966e+00,4.99871399999999966e+00,4.99871399999999966e+00,0,0,NA,independent CPU pipeline versus GPU pipeline on one frozen paired perturbation,5.67879313171279086e-13,7.53577675605693023e-07,2.10562444653639861e-06,9.09917535473642168e-06,false,NA,finite relative_l2<=1e-3 and relative_linf<=1e-3,PASS,stage10_task1_relative_v1,NA,4612240,6185200,6185200,1572960,77873152,79466496,79466496,1593344,NA,NA,NA,NA,0,117,1000,/tmp/ZKX_dev/test_all/configs/stability/stage10_stability_formal_1000_v1/task_stability_params.json,9dea2ecdcfad71439b62ae91d497ee068efe8001ef76d77b75143611adb0098a,"Task1(delay=172,doppler_bin=8,amplitude=1.010660443,noise_std=0.033385236);Task2(delay=3247,target=0.768113652,gaussian=0.154092318,sawtooth=0.061553605,square=0.061169373,noise_amplitude=0.040640913,cutoff_hz=90.954098167,kalman_R=0.002084632)",generated,NA,NA,2834524505,stage10_pair_0117_a8f36959
1,20260814T021000Z_8841247_target_semantic_1000,stability,2026-08-14T01:24:47Z,88412479051830431ace7e6127a7d455cba72a9c,false,stage10_stability_formal_1000_v1,9dea2ecdcfad71439b62ae91d497ee068efe8001ef76d77b75143611adb0098a,task,Task1.step1,Task1,step1,chirp+echo_synthesis,stage10_pair_0117_a8f36959,task1_s10_baseline,10^4,32768,"[64,512]",ComplexFP32,gpu,fft_thrust,compatibility/step,PASS,OK,0,1,8.74823499999999932e+00,8.74823499999999932e+00,8.74823499999999932e+00,8.74823499999999932e+00,8.74823499999999932e+00,8.74823499999999932e+00,0,0,5.71396858909254290e-01,independent CPU pipeline versus GPU pipeline on one frozen paired perturbation,5.67879313171279086e-13,7.53577675605693023e-07,2.10562444653639861e-06,9.09917535473642168e-06,false,NA,finite relative_l2<=1e-3 and relative_linf<=1e-3,PASS,stage10_task1_relative_v1,NA,NA,NA,NA,NA,NA,NA,NA,NA,307445760,357777408,357777408,50331648,0,117,1000,/tmp/ZKX_dev/test_all/configs/stability/stage10_stability_formal_1000_v1/task_stability_params.json,9dea2ecdcfad71439b62ae91d497ee068efe8001ef76d77b75143611adb0098a,"Task1(delay=172,doppler_bin=8,amplitude=1.010660443,noise_std=0.033385236);Task2(delay=3247,target=0.768113652,gaussian=0.154092318,sawtooth=0.061553605,square=0.061169373,noise_amplitude=0.040640913,cutoff_hz=90.954098167,kalman_R=0.002084632)",generated,NA,NA,2834524505,stage10_pair_0117_a8f36959
1,20260814T021000Z_8841247_target_semantic_1000,stability,2026-08-14T01:24:47Z,88412479051830431ace7e6127a7d455cba72a9c,false,stage10_stability_formal_1000_v1,9dea2ecdcfad71439b62ae91d497ee068efe8001ef76d77b75143611adb0098a,task,Task1.step2,Task1,step2,pulse_compression,stage10_pair_0117_a8f36959,task1_s10_baseline,10^4,32768,"[64,512]",ComplexFP32,cpu,fft_thrust,compatibility/step,PASS,OK,0,1,2.71123564999999985e+02,2.71123564999999985e+02,2.71123564999999985e+02,2.71123564999999985e+02,2.71123564999999985e+02,2.71123564999999985e+02,0,0,NA,independent CPU pipeline versus GPU pipeline on one frozen paired perturbation,1.53845802301230030e-12,1.24034592876838209e-06,1.74021907939999473e-06,2.83464545448190273e-06,false,NA,finite relative_l2<=1e-3 and relative_linf<=1e-3,PASS,stage10_task1_relative_v1,NA,6185200,6712640,6712640,527440,79466496,79736832,79736832,270336,NA,NA,NA,NA,0,117,1000,/tmp/ZKX_dev/test_all/configs/stability/stage10_stability_formal_1000_v1/task_stability_params.json,9dea2ecdcfad71439b62ae91d497ee068efe8001ef76d77b75143611adb0098a,"Task1(delay=172,doppler_bin=8,amplitude=1.010660443,noise_std=0.033385236);Task2(delay=3247,target=0.768113652,gaussian=0.154092318,sawtooth=0.061553605,square=0.061169373,noise_amplitude=0.040640913,cutoff_hz=90.954098167,kalman_R=0.002084632)",generated,NA,NA,2834524505,stage10_pair_0117_a8f36959
1,20260814T021000Z_8841247_target_semantic_1000,stability,2026-08-14T01:24:47Z,88412479051830431ace7e6127a7d455cba72a9c,false,stage10_stability_formal_1000_v1,9dea2ecdcfad71439b62ae91d497ee068efe8001ef76d77b75143611adb0098a,task,Task1.step2,Task1,step2,pulse_compression,stage10_pair_0117_a8f36959,task1_s10_baseline,10^4,32768,"[64,512]",ComplexFP32,gpu,fft_thrust,compatibility/step,PASS,OK,0,1,2.13316900000000009e+00,2.13316900000000009e+00,2.13316900000000009e+00,2.13316900000000009e+00,2.13316900000000009e+00,2.13316900000000009e+00,0,0,1.27098961685642337e+02,independent CPU pipeline versus GPU pipeline on one frozen paired perturbation,1.53845802301230030e-12,1.24034592876838209e-06,1.74021907939999473e-06,2.83464545448190273e-06,false,NA,finite relative_l2<=1e-3 and relative_linf<=1e-3,PASS,stage10_task1_relative_v1,NA,NA,NA,NA,NA,NA,NA,NA,NA,357777408,357777408,357777408,0,0,117,1000,/tmp/ZKX_dev/test_all/configs/stability/stage10_stability_formal_1000_v1/task_stability_params.json,9dea2ecdcfad71439b62ae91d497ee068efe8001ef76d77b75143611adb0098a,"Task1(delay=172,doppler_bin=8,amplitude=1.010660443,noise_std=0.033385236);Task2(delay=3247,target=0.768113652,gaussian=0.154092318,sawtooth=0.061553605,square=0.061169373,noise_amplitude=0.040640913,cutoff_hz=90.954098167,kalman_R=0.002084632)",generated,NA,NA,2834524505,stage10_pair_0117_a8f36959
1,20260814T021000Z_8841247_target_semantic_1000,stability,2026-08-14T01:24:47Z,88412479051830431ace7e6127a7d455cba72a9c,false,stage10_stability_formal_1000_v1,9dea2ecdcfad71439b62ae91d497ee068efe8001ef76d77b75143611adb0098a,task,Task1.step3,Task1,step3,pulse_doppler,stage10_pair_0117_a8f36959,task1_s10_baseline,10^4,32768,"[64,512]",ComplexFP32,cpu,fft_thrust,compatibility/step,PASS,OK,0,1,2.93607393000000002e+02,2.93607393000000002e+02,2.93607393000000002e+02,2.93607393000000002e+02,2.93607393000000002e+02,2.93607393000000002e+02,0,0,NA,independent CPU pipeline versus GPU pipeline on one frozen paired perturbation,6.56645869432431453e-11,8.10336886382713913e-06,2.27242655143857789e-06,1.78305043517691999e-06,false,NA,finite relative_l2<=1e-3 and relative_linf<=1e-3,PASS,stage10_task1_relative_v1,NA,6712640,7236960,7236960,524320,79736832,80547840,80547840,811008,NA,NA,NA,NA,0,117,1000,/tmp/ZKX_dev/test_all/configs/stability/stage10_stability_formal_1000_v1/task_stability_params.json,9dea2ecdcfad71439b62ae91d497ee068efe8001ef76d77b75143611adb0098a,"Task1(delay=172,doppler_bin=8,amplitude=1.010660443,noise_std=0.033385236);Task2(delay=3247,target=0.768113652,gaussian=0.154092318,sawtooth=0.061553605,square=0.061169373,noise_amplitude=0.040640913,cutoff_hz=90.954098167,kalman_R=0.002084632)",generated,NA,NA,2834524505,stage10_pair_0117_a8f36959
1,20260814T021000Z_8841247_target_semantic_1000,stability,2026-08-14T01:24:47Z,88412479051830431ace7e6127a7d455cba72a9c,false,stage10_stability_formal_1000_v1,9dea2ecdcfad71439b62ae91d497ee068efe8001ef76d77b75143611adb0098a,task,Task1.step3,Task1,step3,pulse_doppler,stage10_pair_0117_a8f36959,task1_s10_baseline,10^4,32768,"[64,512]",ComplexFP32,gpu,fft_thrust,compatibility/step,PASS,OK,0,1,2.22410800000000020e+00,2.22410800000000020e+00,2.22410800000000020e+00,2.22410800000000020e+00,2.22410800000000020e+00,2.22410800000000020e+00,0,0,1.32011302059072648e+02,independent CPU pipeline versus GPU pipeline on one frozen paired perturbation,6.56645869432431453e-11,8.10336886382713913e-06,2.27242655143857789e-06,1.78305043517691999e-06,false,NA,finite relative_l2<=1e-3 and relative_linf<=1e-3,PASS,stage10_task1_relative_v1,NA,NA,NA,NA,NA,NA,NA,NA,NA,357777408,357777408,357777408,0,0,117,1000,/tmp/ZKX_dev/test_all/configs/stability/stage10_stability_formal_1000_v1/task_stability_params.json,9dea2ecdcfad71439b62ae91d497ee068efe8001ef76d77b75143611adb0098a,"Task1(delay=172,doppler_bin=8,amplitude=1.010660443,noise_std=0.033385236);Task2(delay=3247,target=0.768113652,gaussian=0.154092318,sawtooth=0.061553605,square=0.061169373,noise_amplitude=0.040640913,cutoff_hz=90.954098167,kalman_R=0.002084632)",generated,NA,NA,2834524505,stage10_pair_0117_a8f36959
1,20260814T021000Z_8841247_target_semantic_1000,stability,2026-08-14T01:24:47Z,88412479051830431ace7e6127a7d455cba72a9c,false,stage10_stability_formal_1000_v1,9dea2ecdcfad71439b62ae91d497ee068efe8001ef76d77b75143611adb0098a,task,Task1.step4,Task1,step4,cfar_alpha+ca_cfar,stage10_pair_0117_a8f36959,task1_s10_baseline,10^4,32768,"[64,512]",ComplexFP32,cpu,fft_thrust,compatibility/step,PASS,OK,0,1,3.53759099999999993e+00,3.53759099999999993e+00,3.53759099999999993e+00,3.53759099999999993e+00,3.53759099999999993e+00,3.53759099999999993e+00,0,0,NA,independent CPU pipeline versus GPU pipeline on one frozen paired perturbation,2.98612853905791033e-06,1.72804182213796842e-03,6.47239293620903996e-07,5.66699176918803201e-07,false,NA,finite relative_l2<=1e-3 and relative_linf<=1e-3,PASS,stage10_task1_relative_v1,NA,7236960,7531920,7531920,294960,80547840,80547840,80547840,0,NA,NA,NA,NA,0,117,1000,/tmp/ZKX_dev/test_all/configs/stability/stage10_stability_formal_1000_v1/task_stability_params.json,9dea2ecdcfad71439b62ae91d497ee068efe8001ef76d77b75143611adb0098a,"Task1(delay=172,doppler_bin=8,amplitude=1.010660443,noise_std=0.033385236);Task2(delay=3247,target=0.768113652,gaussian=0.154092318,sawtooth=0.061553605,square=0.061169373,noise_amplitude=0.040640913,cutoff_hz=90.954098167,kalman_R=0.002084632)",generated,NA,NA,2834524505,stage10_pair_0117_a8f36959
1,20260814T021000Z_8841247_target_semantic_1000,stability,2026-08-14T01:24:47Z,88412479051830431ace7e6127a7d455cba72a9c,false,stage10_stability_formal_1000_v1,9dea2ecdcfad71439b62ae91d497ee068efe8001ef76d77b75143611adb0098a,task,Task1.step4,Task1,step4,cfar_alpha+ca_cfar,stage10_pair_0117_a8f36959,task1_s10_baseline,10^4,32768,"[64,512]",ComplexFP32,gpu,fft_thrust,compatibility/step,PASS,OK,0,1,1.34804300000000010e+00,1.34804300000000010e+00,1.34804300000000010e+00,1.34804300000000010e+00,1.34804300000000010e+00,1.34804300000000010e+00,0,0,2.62424195667348847e+00,independent CPU pipeline versus GPU pipeline on one frozen paired perturbation,2.98612853905791033e-06,1.72804182213796842e-03,6.47239293620903996e-07,5.66699176918803201e-07,false,NA,finite relative_l2<=1e-3 and relative_linf<=1e-3,PASS,stage10_task1_relative_v1,NA,NA,NA,NA,NA,NA,NA,NA,NA,357777408,357777408,357777408,0,0,117,1000,/tmp/ZKX_dev/test_all/configs/stability/stage10_stability_formal_1000_v1/task_stability_params.json,9dea2ecdcfad71439b62ae91d497ee068efe8001ef76d77b75143611adb0098a,"Task1(delay=172,doppler_bin=8,amplitude=1.010660443,noise_std=0.033385236);Task2(delay=3247,target=0.768113652,gaussian=0.154092318,sawtooth=0.061553605,square=0.061169373,noise_amplitude=0.040640913,cutoff_hz=90.954098167,kalman_R=0.002084632)",generated,NA,NA,2834524505,stage10_pair_0117_a8f36959
1,20260814T021000Z_8841247_target_semantic_1000,stability,2026-08-14T01:24:47Z,88412479051830431ace7e6127a7d455cba72a9c,false,stage10_stability_formal_1000_v1,9dea2ecdcfad71439b62ae91d497ee068efe8001ef76d77b75143611adb0098a,task,Task1.step5,Task1,step5,ambgfun,stage10_pair_0117_a8f36959,task1_s10_baseline,10^4,32768,"[64,512]",ComplexFP32,cpu,fft_thrust,compatibility/step,PASS,OK,0,1,4.26658611000000008e+02,4.26658611000000008e+02,4.26658611000000008e+02,4.26658611000000008e+02,4.26658611000000008e+02,4.26658611000000008e+02,0,0,NA,independent CPU pipeline versus GPU pipeline on one frozen paired perturbation,4.00754455476969877e-15,6.33051700477117294e-08,1.01090249991901380e-06,4.35858964920043945e-07,false,NA,finite relative_l2<=1e-3 and relative_linf<=1e-3,PASS,stage10_task1_relative_v1,NA,7531920,8060336,8060336,528416,80547840,81149952,81149952,602112,NA,NA,NA,NA,0,117,1000,/tmp/ZKX_dev/test_all/configs/stability/stage10_stability_formal_1000_v1/task_stability_params.json,9dea2ecdcfad71439b62ae91d497ee068efe8001ef76d77b75143611adb0098a,"Task1(delay=172,doppler_bin=8,amplitude=1.010660443,noise_std=0.033385236);Task2(delay=3247,target=0.768113652,gaussian=0.154092318,sawtooth=0.061553605,square=0.061169373,noise_amplitude=0.040640913,cutoff_hz=90.954098167,kalman_R=0.002084632)",generated,NA,NA,2834524505,stage10_pair_0117_a8f36959
1,20260814T021000Z_8841247_target_semantic_1000,stability,2026-08-14T01:24:47Z,88412479051830431ace7e6127a7d455cba72a9c,false,stage10_stability_formal_1000_v1,9dea2ecdcfad71439b62ae91d497ee068efe8001ef76d77b75143611adb0098a,task,Task1.step5,Task1,step5,ambgfun,stage10_pair_0117_a8f36959,task1_s10_baseline,10^4,32768,"[64,512]",ComplexFP32,gpu,fft_thrust,compatibility/step,PASS,OK,0,1,6.49013599999999968e+00,6.49013599999999968e+00,6.49013599999999968e+00,6.49013599999999968e+00,6.49013599999999968e+00,6.49013599999999968e+00,0,0,6.57395486011387220e+01,independent CPU pipeline versus GPU pipeline on one frozen paired perturbation,4.00754455476969877e-15,6.33051700477117294e-08,1.01090249991901380e-06,4.35858964920043945e-07,false,NA,finite relative_l2<=1e-3 and relative_linf<=1e-3,PASS,stage10_task1_relative_v1,NA,NA,NA,NA,NA,NA,NA,NA,NA,357777408,357777408,357777408,0,0,117,1000,/tmp/ZKX_dev/test_all/configs/stability/stage10_stability_formal_1000_v1/task_stability_params.json,9dea2ecdcfad71439b62ae91d497ee068efe8001ef76d77b75143611adb0098a,"Task1(delay=172,doppler_bin=8,amplitude=1.010660443,noise_std=0.033385236);Task2(delay=3247,target=0.768113652,gaussian=0.154092318,sawtooth=0.061553605,square=0.061169373,noise_amplitude=0.040640913,cutoff_hz=90.954098167,kalman_R=0.002084632)",generated,NA,NA,2834524505,stage10_pair_0117_a8f36959
1,20260814T021000Z_8841247_target_semantic_1000,stability,2026-08-14T01:24:47Z,88412479051830431ace7e6127a7d455cba72a9c,false,stage10_stability_formal_1000_v1,9dea2ecdcfad71439b62ae91d497ee068efe8001ef76d77b75143611adb0098a,task,Task1.pipeline_total,Task1,pipeline_total,frozen_multi_upstream_graph,stage10_pair_0117_a8f36959,task1_s10_baseline,10^4,32768,"[64,512]",ComplexFP32,cpu,fft_thrust,compatibility/end-to-end,PASS,OK,0,1,1.00026826300000005e+03,1.00026826300000005e+03,1.00026826300000005e+03,1.00026826300000005e+03,1.00026826300000005e+03,1.00026826300000005e+03,0,0,NA,independent CPU pipeline versus GPU pipeline on one frozen paired perturbation,2.98612853905791033e-06,1.72804182213796842e-03,2.27242655143857789e-06,9.09917535473642168e-06,false,NA,finite relative_l2<=1e-3 and relative_linf<=1e-3,PASS,stage10_task1_relative_v1,NA,4611760,8321472,8321472,3709712,77873152,81149952,81149952,3276800,NA,NA,NA,NA,0,117,1000,/tmp/ZKX_dev/test_all/configs/stability/stage10_stability_formal_1000_v1/task_stability_params.json,9dea2ecdcfad71439b62ae91d497ee068efe8001ef76d77b75143611adb0098a,"Task1(delay=172,doppler_bin=8,amplitude=1.010660443,noise_std=0.033385236);Task2(delay=3247,target=0.768113652,gaussian=0.154092318,sawtooth=0.061553605,square=0.061169373,noise_amplitude=0.040640913,cutoff_hz=90.954098167,kalman_R=0.002084632)",generated,NA,NA,2834524505,stage10_pair_0117_a8f36959
1,20260814T021000Z_8841247_target_semantic_1000,stability,2026-08-14T01:24:47Z,88412479051830431ace7e6127a7d455cba72a9c,false,stage10_stability_formal_1000_v1,9dea2ecdcfad71439b62ae91d497ee068efe8001ef76d77b75143611adb0098a,task,Task1.pipeline_total,Task1,pipeline_total,frozen_multi_upstream_graph,stage10_pair_0117_a8f36959,task1_s10_baseline,10^4,32768,"[64,512]",ComplexFP32,gpu,fft_thrust,compatibility/end-to-end,PASS,OK,0,1,2.11868699999999990e+01,2.11868699999999990e+01,2.11868699999999990e+01,2.11868699999999990e+01,2.11868699999999990e+01,2.11868699999999990e+01,0,0,4.72117053156034885e+01,independent CPU pipeline versus GPU pipeline on one frozen paired perturbation,2.98612853905791033e-06,1.72804182213796842e-03,2.27242655143857789e-06,9.09917535473642168e-06,false,NA,finite relative_l2<=1e-3 and relative_linf<=1e-3,PASS,stage10_task1_relative_v1,NA,NA,NA,NA,NA,NA,NA,NA,NA,307445760,357777408,357777408,50331648,0,117,1000,/tmp/ZKX_dev/test_all/configs/stability/stage10_stability_formal_1000_v1/task_stability_params.json,9dea2ecdcfad71439b62ae91d497ee068efe8001ef76d77b75143611adb0098a,"Task1(delay=172,doppler_bin=8,amplitude=1.010660443,noise_std=0.033385236);Task2(delay=3247,target=0.768113652,gaussian=0.154092318,sawtooth=0.061553605,square=0.061169373,noise_amplitude=0.040640913,cutoff_hz=90.954098167,kalman_R=0.002084632)",generated,NA,NA,2834524505,stage10_pair_0117_a8f36959
