schema_version,run_id,run_type,git_commit,case_id,scale_id,backend,measured_runs,threshold_set_id,thresholds_sha256,target,output_name,dtype,output_kind,mse,mse_max,rmse,rmse_max,relative_l2,relative_l2_max,relative_linf,relative_linf_max,relative_floor,exact_match,mismatch_count,max_mismatch_count,semantic_rule,semantic_check,accuracy_status
1,20260815T152000Z_b0478e7_fft_thrust_fft_thrust_task2_pipeline_benchmark_task2_s05_near,formal,b0478e7c5f1ad93e4cf41827d653d191c4a86804,task2_pipeline__task2_s05_near__622e8e52ac464b70,task2_s05_near,fft_thrust,100,task_accuracy_formal_v7,b1ea03d79712ee0089bd3a3fb4fba74ce19c6ff5cf87e70b0ff62b590a36ae6f,Task2.step1.echo,echo,FP32,floating,5.1306098516261216e-16,8.9999999999999999e-10,2.2650849546156369e-08,3.0000000000000001e-05,4.2361160853660493e-08,3.0000000000000001e-05,1.249445402422e-07,3.0000000000000001e-05,9.9999999999999998e-13,NA,NA,NA,weighted_echo_sum_and_parameter_perturbation_pass,weighted_echo_sum_and_parameter_perturbation_pass:PASS,PASS
1,20260815T152000Z_b0478e7_fft_thrust_fft_thrust_task2_pipeline_benchmark_task2_s05_near,formal,b0478e7c5f1ad93e4cf41827d653d191c4a86804,task2_pipeline__task2_s05_near__622e8e52ac464b70,task2_s05_near,fft_thrust,100,task_accuracy_formal_v7,b1ea03d79712ee0089bd3a3fb4fba74ce19c6ff5cf87e70b0ff62b590a36ae6f,Task2.step1.interference_component,interference_component,FP32,floating,2.8133352310104331e-17,8.9999999999999999e-10,5.3040882637927825e-09,3.0000000000000001e-05,7.6226476406855656e-08,3.0000000000000001e-05,1.1260201179258349e-07,3.0000000000000001e-05,9.9999999999999998e-13,NA,NA,NA,gaussian_sawtooth_square_weights_preserved,gaussian_sawtooth_square_weights_preserved:PASS,PASS
1,20260815T152000Z_b0478e7_fft_thrust_fft_thrust_task2_pipeline_benchmark_task2_s05_near,formal,b0478e7c5f1ad93e4cf41827d653d191c4a86804,task2_pipeline__task2_s05_near__622e8e52ac464b70,task2_s05_near,fft_thrust,100,task_accuracy_formal_v7,b1ea03d79712ee0089bd3a3fb4fba74ce19c6ff5cf87e70b0ff62b590a36ae6f,Task2.step1.noise_component,noise_component,FP32,floating,0,8.9999999999999999e-10,0,3.0000000000000001e-05,0,3.0000000000000001e-05,0,3.0000000000000001e-05,9.9999999999999998e-13,NA,NA,NA,noise_seed_sensitivity_preserved,noise_seed_sensitivity_preserved:PASS,PASS
1,20260815T152000Z_b0478e7_fft_thrust_fft_thrust_task2_pipeline_benchmark_task2_s05_near,formal,b0478e7c5f1ad93e4cf41827d653d191c4a86804,task2_pipeline__task2_s05_near__622e8e52ac464b70,task2_s05_near,fft_thrust,100,task_accuracy_formal_v7,b1ea03d79712ee0089bd3a3fb4fba74ce19c6ff5cf87e70b0ff62b590a36ae6f,Task2.step1.target_component,target_component,FP32,floating,3.3113361631685701e-16,8.9999999999999999e-10,1.8197077136640846e-08,3.0000000000000001e-05,3.4386856051041473e-08,3.0000000000000001e-05,7.450580485901527e-08,3.0000000000000001e-05,9.9999999999999998e-13,NA,NA,NA,target_delay_and_weight_preserved,target_delay_and_weight_preserved:PASS,PASS
1,20260815T152000Z_b0478e7_fft_thrust_fft_thrust_task2_pipeline_benchmark_task2_s05_near,formal,b0478e7c5f1ad93e4cf41827d653d191c4a86804,task2_pipeline__task2_s05_near__622e8e52ac464b70,task2_s05_near,fft_thrust,100,task_accuracy_formal_v7,b1ea03d79712ee0089bd3a3fb4fba74ce19c6ff5cf87e70b0ff62b590a36ae6f,Task2.step1.target_waveform,target_waveform,FP32,floating,4.7585504021346252e-16,8.9999999999999999e-10,2.1814101865845005e-08,3.0000000000000001e-05,3.0849809826639263e-08,3.0000000000000001e-05,5.9604644775390625e-08,3.0000000000000001e-05,9.9999999999999998e-13,NA,NA,NA,four_waveform_functions_and_shape_preserved,four_waveform_functions_and_shape_preserved:PASS,PASS
1,20260815T152000Z_b0478e7_fft_thrust_fft_thrust_task2_pipeline_benchmark_task2_s05_near,formal,b0478e7c5f1ad93e4cf41827d653d191c4a86804,task2_pipeline__task2_s05_near__622e8e52ac464b70,task2_s05_near,fft_thrust,100,task_accuracy_formal_v7,b1ea03d79712ee0089bd3a3fb4fba74ce19c6ff5cf87e70b0ff62b590a36ae6f,Task2.step2.filtered,filtered,FP32,floating,1.214957398276819e-14,2.4999999999999999e-07,1.1022510595489664e-07,0.00050000000000000001,2.0886509506185287e-07,0.00050000000000000001,6.2130161583982239e-07,0.00050000000000000001,9.9999999999999998e-13,NA,NA,NA,hamming_firwin_firfilter_and_snr_improvement_pass,hamming_firwin_firfilter_and_snr_improvement_pass:PASS,PASS
1,20260815T152000Z_b0478e7_fft_thrust_fft_thrust_task2_pipeline_benchmark_task2_s05_near,formal,b0478e7c5f1ad93e4cf41827d653d191c4a86804,task2_pipeline__task2_s05_near__622e8e52ac464b70,task2_s05_near,fft_thrust,100,task_accuracy_formal_v7,b1ea03d79712ee0089bd3a3fb4fba74ce19c6ff5cf87e70b0ff62b590a36ae6f,Task2.step3.reference_for_correlation,reference_for_correlation,FP32,floating,0,0,0,0,0,0,0,0,9.9999999999999998e-13,NA,NA,NA,step1_target_waveform_crop_preserved,step1_target_waveform_crop_preserved:PASS,PASS
1,20260815T152000Z_b0478e7_fft_thrust_fft_thrust_task2_pipeline_benchmark_task2_s05_near,formal,b0478e7c5f1ad93e4cf41827d653d191c4a86804,task2_pipeline__task2_s05_near__622e8e52ac464b70,task2_s05_near,fft_thrust,100,task_accuracy_formal_v7,b1ea03d79712ee0089bd3a3fb4fba74ce19c6ff5cf87e70b0ff62b590a36ae6f,Task2.step3.smoothed,smoothed,FP32,floating,4.2499362958106426e-15,2.5000000000000001e-09,6.5191535461366776e-08,5.0000000000000002e-05,1.4733158993630533e-07,5.0000000000000002e-05,4.4426881017482201e-07,5.0000000000000002e-05,9.9999999999999998e-13,NA,NA,NA,cubic_firfilter_roughness_and_peak_preservation_pass,cubic_firfilter_roughness_and_peak_preservation_pass:PASS,PASS
1,20260815T152000Z_b0478e7_fft_thrust_fft_thrust_task2_pipeline_benchmark_task2_s05_near,formal,b0478e7c5f1ad93e4cf41827d653d191c4a86804,task2_pipeline__task2_s05_near__622e8e52ac464b70,task2_s05_near,fft_thrust,100,task_accuracy_formal_v7,b1ea03d79712ee0089bd3a3fb4fba74ce19c6ff5cf87e70b0ff62b590a36ae6f,Task2.step4.correlation_feature,correlation_feature,FP32,floating,1.6368364142966304e-10,0.0001,1.2793890785435955e-05,0.01,2.0108273124828143e-07,0.01,1.0541980062163948e-07,0.02,9.9999999999999998e-13,NA,NA,NA,step3_reference_correlation_preserved,step3_reference_correlation_preserved:PASS,PASS
1,20260815T152000Z_b0478e7_fft_thrust_fft_thrust_task2_pipeline_benchmark_task2_s05_near,formal,b0478e7c5f1ad93e4cf41827d653d191c4a86804,task2_pipeline__task2_s05_near__622e8e52ac464b70,task2_s05_near,fft_thrust,100,task_accuracy_formal_v7,b1ea03d79712ee0089bd3a3fb4fba74ce19c6ff5cf87e70b0ff62b590a36ae6f,Task2.step4.feature_bundle,feature_bundle,FP32,floating,5.5456043486190186e-15,0.0001,7.4468814604631775e-08,0.01,5.9165098764919248e-07,0.01,5.4473316028250302e-07,0.02,9.9999999999999998e-13,NA,NA,NA,four_domain_host_weighted_fusion_preserved,four_domain_host_weighted_fusion_preserved:PASS,PASS
1,20260815T152000Z_b0478e7_fft_thrust_fft_thrust_task2_pipeline_benchmark_task2_s05_near,formal,b0478e7c5f1ad93e4cf41827d653d191c4a86804,task2_pipeline__task2_s05_near__622e8e52ac464b70,task2_s05_near,fft_thrust,100,task_accuracy_formal_v7,b1ea03d79712ee0089bd3a3fb4fba74ce19c6ff5cf87e70b0ff62b590a36ae6f,Task2.step4.fm_feature,fm_feature,FP32,floating,8.7782396865404524e-14,0.0001,2.962809424607066e-07,0.01,5.111890372807421e-07,0.01,3.2870117523312499e-06,0.02,9.9999999999999998e-13,NA,NA,NA,fm_demod_and_analytic_glue_preserved,fm_demod_and_analytic_glue_preserved:PASS,PASS
1,20260815T152000Z_b0478e7_fft_thrust_fft_thrust_task2_pipeline_benchmark_task2_s05_near,formal,b0478e7c5f1ad93e4cf41827d653d191c4a86804,task2_pipeline__task2_s05_near__622e8e52ac464b70,task2_s05_near,fft_thrust,100,task_accuracy_formal_v7,b1ea03d79712ee0089bd3a3fb4fba74ce19c6ff5cf87e70b0ff62b590a36ae6f,Task2.step4.spectral_feature,spectral_feature,FP32,floating,1.6104777729476435e-14,0.0001,1.2690460089955933e-07,0.01,1.3151039822064196e-06,0.01,4.4444861956784035e-06,0.02,9.9999999999999998e-13,NA,NA,NA,spectrogram_envelope_shape_preserved,spectrogram_envelope_shape_preserved:PASS,PASS
1,20260815T152000Z_b0478e7_fft_thrust_fft_thrust_task2_pipeline_benchmark_task2_s05_near,formal,b0478e7c5f1ad93e4cf41827d653d191c4a86804,task2_pipeline__task2_s05_near__622e8e52ac464b70,task2_s05_near,fft_thrust,100,task_accuracy_formal_v7,b1ea03d79712ee0089bd3a3fb4fba74ce19c6ff5cf87e70b0ff62b590a36ae6f,Task2.step4.wavelet_feature,wavelet_feature,FP32,floating,3.4165731036839728e-14,0.0001,1.8483974420248402e-07,0.01,1.5610868941011164e-07,0.01,5.3521911246041826e-07,0.02,9.9999999999999998e-13,NA,NA,NA,cwt_host_ricker_callable_envelope_preserved,cwt_host_ricker_callable_envelope_preserved:PASS,PASS
1,20260815T152000Z_b0478e7_fft_thrust_fft_thrust_task2_pipeline_benchmark_task2_s05_near,formal,b0478e7c5f1ad93e4cf41827d653d191c4a86804,task2_pipeline__task2_s05_near__622e8e52ac464b70,task2_s05_near,fft_thrust,100,task_accuracy_formal_v7,b1ea03d79712ee0089bd3a3fb4fba74ce19c6ff5cf87e70b0ff62b590a36ae6f,Task2.step5.extrema,extrema,FP32,discrete,NA,NA,NA,NA,NA,NA,NA,NA,NA,true,0,0,argrelextrema_exact_indices_and_peak_perturbation_pass,argrelextrema_exact_indices_and_peak_perturbation_pass:PASS,PASS
1,20260815T152000Z_b0478e7_fft_thrust_fft_thrust_task2_pipeline_benchmark_task2_s05_near,formal,b0478e7c5f1ad93e4cf41827d653d191c4a86804,task2_pipeline__task2_s05_near__622e8e52ac464b70,task2_s05_near,fft_thrust,100,task_accuracy_formal_v7,b1ea03d79712ee0089bd3a3fb4fba74ce19c6ff5cf87e70b0ff62b590a36ae6f,Task2.step6.covariance,covariance,FP32,floating,0,4.0000000000000001e-10,0,2.0000000000000002e-05,0,2.0000000000000002e-05,0,2.0000000000000002e-05,9.9999999999999998e-13,NA,NA,NA,kalman_covariance_shape_and_finiteness_pass,kalman_covariance_shape_and_finiteness_pass:PASS,PASS
1,20260815T152000Z_b0478e7_fft_thrust_fft_thrust_task2_pipeline_benchmark_task2_s05_near,formal,b0478e7c5f1ad93e4cf41827d653d191c4a86804,task2_pipeline__task2_s05_near__622e8e52ac464b70,task2_s05_near,fft_thrust,100,task_accuracy_formal_v7,b1ea03d79712ee0089bd3a3fb4fba74ce19c6ff5cf87e70b0ff62b590a36ae6f,Task2.step6.estimate,estimate,FP32,floating,0,4.0000000000000001e-10,0,2.0000000000000002e-05,0,2.0000000000000002e-05,0,2.0000000000000002e-05,9.9999999999999998e-13,NA,NA,NA,kalman_state_truth_and_measurement_noise_response_pass,kalman_state_truth_and_measurement_noise_response_pass:PASS,PASS
