schema_version,run_id,run_type,test_time_utc,git_commit,git_dirty,config_id,config_sha256,target_kind,target,task_name,step_name,operator_name,case_id,scale_id,order_of_magnitude,actual_elements,input_shape,dtype,device,backend,timing_scope,status,error_code,component,upstream,measured_runs,mean_ms,p50_ms,p95_ms,p99_ms,min_ms,max_ms,std_ms,cv
1,20260810T123934Z_d186f2993f4a_source_isolated_fft_thrust_task1_pipeline_benchmark_task1_s07_baseline,formal,2026-08-10T10:15:31Z,d186f2993f4a5211c7662571e948fb6b6d4e8aab,false,task_scales_formal_v2,7231f75251f936897a0ceaeff59f3ad78024b920159114bb6e21a93475726178,task,Task1.pipeline,Task1,pipeline_total,pulse_compression+pulse_doppler+cfar_alpha+ca_cfar+ambgfun;private:step1+power,task1_pipeline__task1_s07_baseline__edf75b3d330f4e68,task1_s07_baseline,10^3,8192,"[64,128];waveform=[32]",ComplexFP32,cpu,fft_thrust,compatibility/end-to-end,PASS,OK,step1,config,100,0.61524611000000018,0.61232599999999993,0.63039449999999997,0.63668990000000003,0.60969600000000002,0.63697700000000002,0.0072579937860196555,0.011796895044195652
1,20260810T123934Z_d186f2993f4a_source_isolated_fft_thrust_task1_pipeline_benchmark_task1_s07_baseline,formal,2026-08-10T10:15:31Z,d186f2993f4a5211c7662571e948fb6b6d4e8aab,false,task_scales_formal_v2,7231f75251f936897a0ceaeff59f3ad78024b920159114bb6e21a93475726178,task,Task1.pipeline,Task1,pipeline_total,pulse_compression+pulse_doppler+cfar_alpha+ca_cfar+ambgfun;private:step1+power,task1_pipeline__task1_s07_baseline__edf75b3d330f4e68,task1_s07_baseline,10^3,8192,"[64,128];waveform=[32]",ComplexFP32,gpu,fft_thrust,compatibility/end-to-end,PASS,OK,step1,config,100,0.45536512000000018,0.45265500000000003,0.5305399999999999,0.60282000000000024,0.40351399999999998,0.640737,0.044764808776377014,0.098305308883510883
1,20260810T123934Z_d186f2993f4a_source_isolated_fft_thrust_task1_pipeline_benchmark_task1_s07_baseline,formal,2026-08-10T10:15:31Z,d186f2993f4a5211c7662571e948fb6b6d4e8aab,false,task_scales_formal_v2,7231f75251f936897a0ceaeff59f3ad78024b920159114bb6e21a93475726178,task,Task1.pipeline,Task1,pipeline_total,pulse_compression+pulse_doppler+cfar_alpha+ca_cfar+ambgfun;private:step1+power,task1_pipeline__task1_s07_baseline__edf75b3d330f4e68,task1_s07_baseline,10^3,8192,"[64,128];waveform=[32]",ComplexFP32,cpu,fft_thrust,compatibility/end-to-end,PASS,OK,step2,step1.echo+step1.waveform,100,8.7408405099999964,8.7400105000000003,8.7588964499999999,8.7628115100000006,8.7193450000000006,8.8050359999999994,0.012669039026299471,0.0014494074124571203
1,20260810T123934Z_d186f2993f4a_source_isolated_fft_thrust_task1_pipeline_benchmark_task1_s07_baseline,formal,2026-08-10T10:15:31Z,d186f2993f4a5211c7662571e948fb6b6d4e8aab,false,task_scales_formal_v2,7231f75251f936897a0ceaeff59f3ad78024b920159114bb6e21a93475726178,task,Task1.pipeline,Task1,pipeline_total,pulse_compression+pulse_doppler+cfar_alpha+ca_cfar+ambgfun;private:step1+power,task1_pipeline__task1_s07_baseline__edf75b3d330f4e68,task1_s07_baseline,10^3,8192,"[64,128];waveform=[32]",ComplexFP32,gpu,fft_thrust,compatibility/end-to-end,PASS,OK,step2,step1.echo+step1.waveform,100,0.89476198000000007,0.89773000000000003,0.99666849999999996,1.0515463100000002,0.79996900000000004,1.082762,0.060316927749344135,0.067411142960437515
1,20260810T123934Z_d186f2993f4a_source_isolated_fft_thrust_task1_pipeline_benchmark_task1_s07_baseline,formal,2026-08-10T10:15:31Z,d186f2993f4a5211c7662571e948fb6b6d4e8aab,false,task_scales_formal_v2,7231f75251f936897a0ceaeff59f3ad78024b920159114bb6e21a93475726178,task,Task1.pipeline,Task1,pipeline_total,pulse_compression+pulse_doppler+cfar_alpha+ca_cfar+ambgfun;private:step1+power,task1_pipeline__task1_s07_baseline__edf75b3d330f4e68,task1_s07_baseline,10^3,8192,"[64,128];waveform=[32]",ComplexFP32,cpu,fft_thrust,compatibility/end-to-end,PASS,OK,step3,step2.compressed,100,43.289605030000018,43.289568000000003,43.465470949999997,43.505567800000001,43.061520000000002,43.541286999999997,0.10248830154631815,0.0023675037338708217
1,20260810T123934Z_d186f2993f4a_source_isolated_fft_thrust_task1_pipeline_benchmark_task1_s07_baseline,formal,2026-08-10T10:15:31Z,d186f2993f4a5211c7662571e948fb6b6d4e8aab,false,task_scales_formal_v2,7231f75251f936897a0ceaeff59f3ad78024b920159114bb6e21a93475726178,task,Task1.pipeline,Task1,pipeline_total,pulse_compression+pulse_doppler+cfar_alpha+ca_cfar+ambgfun;private:step1+power,task1_pipeline__task1_s07_baseline__edf75b3d330f4e68,task1_s07_baseline,10^3,8192,"[64,128];waveform=[32]",ComplexFP32,gpu,fft_thrust,compatibility/end-to-end,PASS,OK,step3,step2.compressed,100,0.51793803999999999,0.52217049999999998,0.55495450000000002,0.58683381000000034,0.47435500000000003,0.65096699999999996,0.029922250982143704,0.057771873605081611
1,20260810T123934Z_d186f2993f4a_source_isolated_fft_thrust_task1_pipeline_benchmark_task1_s07_baseline,formal,2026-08-10T10:15:31Z,d186f2993f4a5211c7662571e948fb6b6d4e8aab,false,task_scales_formal_v2,7231f75251f936897a0ceaeff59f3ad78024b920159114bb6e21a93475726178,task,Task1.pipeline,Task1,pipeline_total,pulse_compression+pulse_doppler+cfar_alpha+ca_cfar+ambgfun;private:step1+power,task1_pipeline__task1_s07_baseline__edf75b3d330f4e68,task1_s07_baseline,10^3,8192,"[64,128];waveform=[32]",ComplexFP32,cpu,fft_thrust,compatibility/end-to-end,PASS,OK,step4,step3.range_doppler,100,0.85530406999999986,0.85184900000000008,0.86883555000000001,0.88583190000000001,0.84711899999999996,0.89997899999999997,0.0081349189710223854,0.0095111425940278601
1,20260810T123934Z_d186f2993f4a_source_isolated_fft_thrust_task1_pipeline_benchmark_task1_s07_baseline,formal,2026-08-10T10:15:31Z,d186f2993f4a5211c7662571e948fb6b6d4e8aab,false,task_scales_formal_v2,7231f75251f936897a0ceaeff59f3ad78024b920159114bb6e21a93475726178,task,Task1.pipeline,Task1,pipeline_total,pulse_compression+pulse_doppler+cfar_alpha+ca_cfar+ambgfun;private:step1+power,task1_pipeline__task1_s07_baseline__edf75b3d330f4e68,task1_s07_baseline,10^3,8192,"[64,128];waveform=[32]",ComplexFP32,gpu,fft_thrust,compatibility/end-to-end,PASS,OK,step4,step3.range_doppler,100,0.65457755999999989,0.65600199999999997,0.73132999999999992,0.7802499000000005,0.58649700000000005,0.87339900000000004,0.048851795487846711,0.074631026899007538
1,20260810T123934Z_d186f2993f4a_source_isolated_fft_thrust_task1_pipeline_benchmark_task1_s07_baseline,formal,2026-08-10T10:15:31Z,d186f2993f4a5211c7662571e948fb6b6d4e8aab,false,task_scales_formal_v2,7231f75251f936897a0ceaeff59f3ad78024b920159114bb6e21a93475726178,task,Task1.pipeline,Task1,pipeline_total,pulse_compression+pulse_doppler+cfar_alpha+ca_cfar+ambgfun;private:step1+power,task1_pipeline__task1_s07_baseline__edf75b3d330f4e68,task1_s07_baseline,10^3,8192,"[64,128];waveform=[32]",ComplexFP32,cpu,fft_thrust,compatibility/end-to-end,PASS,OK,step5,step1.waveform,100,7.9449088300000001,7.9404015000000001,7.9756099999999996,7.9851827900000005,7.9138359999999999,8.024267,0.017282673743987061,0.002175314294196509
1,20260810T123934Z_d186f2993f4a_source_isolated_fft_thrust_task1_pipeline_benchmark_task1_s07_baseline,formal,2026-08-10T10:15:31Z,d186f2993f4a5211c7662571e948fb6b6d4e8aab,false,task_scales_formal_v2,7231f75251f936897a0ceaeff59f3ad78024b920159114bb6e21a93475726178,task,Task1.pipeline,Task1,pipeline_total,pulse_compression+pulse_doppler+cfar_alpha+ca_cfar+ambgfun;private:step1+power,task1_pipeline__task1_s07_baseline__edf75b3d330f4e68,task1_s07_baseline,10^3,8192,"[64,128];waveform=[32]",ComplexFP32,gpu,fft_thrust,compatibility/end-to-end,PASS,OK,step5,step1.waveform,100,4.0886397099999989,4.0885850000000001,4.2519605,4.4249111200000009,3.8561519999999998,4.5361000000000002,0.12338650557733574,0.030177886614845741
1,20260810T123934Z_d186f2993f4a_source_isolated_fft_thrust_task1_pipeline_benchmark_task1_s07_baseline,formal,2026-08-10T10:15:31Z,d186f2993f4a5211c7662571e948fb6b6d4e8aab,false,task_scales_formal_v2,7231f75251f936897a0ceaeff59f3ad78024b920159114bb6e21a93475726178,task,Task1.pipeline,Task1,pipeline_total,pulse_compression+pulse_doppler+cfar_alpha+ca_cfar+ambgfun;private:step1+power,task1_pipeline__task1_s07_baseline__edf75b3d330f4e68,task1_s07_baseline,10^3,8192,"[64,128];waveform=[32]",ComplexFP32,cpu,fft_thrust,compatibility/end-to-end,PASS,OK,pipeline_total,frozen_multi_upstream_graph,100,61.46493277999997,61.481198500000005,61.653214049999995,61.696337700000001,61.200507999999999,61.705514999999998,0.10984464430763821,0.0017871107856052269
1,20260810T123934Z_d186f2993f4a_source_isolated_fft_thrust_task1_pipeline_benchmark_task1_s07_baseline,formal,2026-08-10T10:15:31Z,d186f2993f4a5211c7662571e948fb6b6d4e8aab,false,task_scales_formal_v2,7231f75251f936897a0ceaeff59f3ad78024b920159114bb6e21a93475726178,task,Task1.pipeline,Task1,pipeline_total,pulse_compression+pulse_doppler+cfar_alpha+ca_cfar+ambgfun;private:step1+power,task1_pipeline__task1_s07_baseline__edf75b3d330f4e68,task1_s07_baseline,10^3,8192,"[64,128];waveform=[32]",ComplexFP32,gpu,fft_thrust,compatibility/end-to-end,PASS,OK,pipeline_total,frozen_multi_upstream_graph,100,7.1614648400000025,7.1992395,7.5478779999999999,7.7181765000000002,6.6641529999999998,7.8351449999999998,0.27679237663905126,0.03865024583979542
