schema_version,run_id,run_type,test_time_utc,git_commit,git_dirty,config_id,config_sha256,target_kind,target,task_name,step_name,operator_name,case_id,scale_id,order_of_magnitude,actual_elements,input_shape,dtype,device,backend,timing_scope,status,error_code,sample_index,trace_phase,phase_index,cpu_live_heap_bytes,rss_bytes,gpu_used_bytes
1,20260806T115727Z_9ad02548cf6c_stage08_b01_formal_74000002,formal,20260806T115727Z,9ad02548cf6c74fae677c6162b7c4a2db2ac0e88,false,stage08_b01_general_gaussian_scales_v1,5d6f2dd75b763122028b82c7fc144e476d8fa07150cda991f6306e7007f350ee,operator,general_gaussian,NA,NA,general_gaussian,general_gaussian__general_gaussian_fp32_10e3__5c9273ef491310fb__sym,general_gaussian_fp32_10e3,10^3,1000,window_positions=[1000],FP32,CPU,not_applicable,compatibility/end-to-end,PASS,OK,0,before,0,1462064,70430720,NA
1,20260806T115727Z_9ad02548cf6c_stage08_b01_formal_74000002,formal,20260806T115727Z,9ad02548cf6c74fae677c6162b7c4a2db2ac0e88,false,stage08_b01_general_gaussian_scales_v1,5d6f2dd75b763122028b82c7fc144e476d8fa07150cda991f6306e7007f350ee,operator,general_gaussian,NA,NA,general_gaussian,general_gaussian__general_gaussian_fp32_10e3__5c9273ef491310fb__sym,general_gaussian_fp32_10e3,10^3,1000,window_positions=[1000],FP32,CPU,not_applicable,compatibility/end-to-end,PASS,OK,0,allocate,1,1462496,70430720,NA
1,20260806T115727Z_9ad02548cf6c_stage08_b01_formal_74000002,formal,20260806T115727Z,9ad02548cf6c74fae677c6162b7c4a2db2ac0e88,false,stage08_b01_general_gaussian_scales_v1,5d6f2dd75b763122028b82c7fc144e476d8fa07150cda991f6306e7007f350ee,operator,general_gaussian,NA,NA,general_gaussian,general_gaussian__general_gaussian_fp32_10e3__5c9273ef491310fb__sym,general_gaussian_fp32_10e3,10^3,1000,window_positions=[1000],FP32,CPU,not_applicable,compatibility/end-to-end,PASS,OK,0,h2d,2,1463072,70430720,NA
1,20260806T115727Z_9ad02548cf6c_stage08_b01_formal_74000002,formal,20260806T115727Z,9ad02548cf6c74fae677c6162b7c4a2db2ac0e88,false,stage08_b01_general_gaussian_scales_v1,5d6f2dd75b763122028b82c7fc144e476d8fa07150cda991f6306e7007f350ee,operator,general_gaussian,NA,NA,general_gaussian,general_gaussian__general_gaussian_fp32_10e3__5c9273ef491310fb__sym,general_gaussian_fp32_10e3,10^3,1000,window_positions=[1000],FP32,CPU,not_applicable,compatibility/end-to-end,PASS,OK,0,execute_sync,3,1472224,70430720,NA
1,20260806T115727Z_9ad02548cf6c_stage08_b01_formal_74000002,formal,20260806T115727Z,9ad02548cf6c74fae677c6162b7c4a2db2ac0e88,false,stage08_b01_general_gaussian_scales_v1,5d6f2dd75b763122028b82c7fc144e476d8fa07150cda991f6306e7007f350ee,operator,general_gaussian,NA,NA,general_gaussian,general_gaussian__general_gaussian_fp32_10e3__5c9273ef491310fb__sym,general_gaussian_fp32_10e3,10^3,1000,window_positions=[1000],FP32,CPU,not_applicable,compatibility/end-to-end,PASS,OK,0,d2h,4,1472480,70430720,NA
1,20260806T115727Z_9ad02548cf6c_stage08_b01_formal_74000002,formal,20260806T115727Z,9ad02548cf6c74fae677c6162b7c4a2db2ac0e88,false,stage08_b01_general_gaussian_scales_v1,5d6f2dd75b763122028b82c7fc144e476d8fa07150cda991f6306e7007f350ee,operator,general_gaussian,NA,NA,general_gaussian,general_gaussian__general_gaussian_fp32_10e3__5c9273ef491310fb__sym,general_gaussian_fp32_10e3,10^3,1000,window_positions=[1000],FP32,CPU,not_applicable,compatibility/end-to-end,PASS,OK,0,release_sync,5,1465584,70430720,NA
1,20260806T115727Z_9ad02548cf6c_stage08_b01_formal_74000002,formal,20260806T115727Z,9ad02548cf6c74fae677c6162b7c4a2db2ac0e88,false,stage08_b01_general_gaussian_scales_v1,5d6f2dd75b763122028b82c7fc144e476d8fa07150cda991f6306e7007f350ee,operator,general_gaussian,NA,NA,general_gaussian,general_gaussian__general_gaussian_fp32_10e3__5c9273ef491310fb__sym,general_gaussian_fp32_10e3,10^3,1000,window_positions=[1000],FP32,CPU,not_applicable,compatibility/end-to-end,PASS,OK,0,after,6,1465584,70430720,NA
1,20260806T115727Z_9ad02548cf6c_stage08_b01_formal_74000002,formal,20260806T115727Z,9ad02548cf6c74fae677c6162b7c4a2db2ac0e88,false,stage08_b01_general_gaussian_scales_v1,5d6f2dd75b763122028b82c7fc144e476d8fa07150cda991f6306e7007f350ee,operator,general_gaussian,NA,NA,general_gaussian,general_gaussian__general_gaussian_fp32_10e3__5c9273ef491310fb__sym,general_gaussian_fp32_10e3,10^3,1000,window_positions=[1000],FP32,GPU,not_applicable,compatibility/end-to-end,PASS,OK,0,before,0,1465584,70430720,408322048
1,20260806T115727Z_9ad02548cf6c_stage08_b01_formal_74000002,formal,20260806T115727Z,9ad02548cf6c74fae677c6162b7c4a2db2ac0e88,false,stage08_b01_general_gaussian_scales_v1,5d6f2dd75b763122028b82c7fc144e476d8fa07150cda991f6306e7007f350ee,operator,general_gaussian,NA,NA,general_gaussian,general_gaussian__general_gaussian_fp32_10e3__5c9273ef491310fb__sym,general_gaussian_fp32_10e3,10^3,1000,window_positions=[1000],FP32,GPU,not_applicable,compatibility/end-to-end,PASS,OK,0,allocate,1,1465904,70430720,408322048
1,20260806T115727Z_9ad02548cf6c_stage08_b01_formal_74000002,formal,20260806T115727Z,9ad02548cf6c74fae677c6162b7c4a2db2ac0e88,false,stage08_b01_general_gaussian_scales_v1,5d6f2dd75b763122028b82c7fc144e476d8fa07150cda991f6306e7007f350ee,operator,general_gaussian,NA,NA,general_gaussian,general_gaussian__general_gaussian_fp32_10e3__5c9273ef491310fb__sym,general_gaussian_fp32_10e3,10^3,1000,window_positions=[1000],FP32,GPU,not_applicable,compatibility/end-to-end,PASS,OK,0,h2d,2,1466000,70430720,408322048
1,20260806T115727Z_9ad02548cf6c_stage08_b01_formal_74000002,formal,20260806T115727Z,9ad02548cf6c74fae677c6162b7c4a2db2ac0e88,false,stage08_b01_general_gaussian_scales_v1,5d6f2dd75b763122028b82c7fc144e476d8fa07150cda991f6306e7007f350ee,operator,general_gaussian,NA,NA,general_gaussian,general_gaussian__general_gaussian_fp32_10e3__5c9273ef491310fb__sym,general_gaussian_fp32_10e3,10^3,1000,window_positions=[1000],FP32,GPU,not_applicable,compatibility/end-to-end,PASS,OK,0,execute_sync,3,1467744,70430720,408322048
1,20260806T115727Z_9ad02548cf6c_stage08_b01_formal_74000002,formal,20260806T115727Z,9ad02548cf6c74fae677c6162b7c4a2db2ac0e88,false,stage08_b01_general_gaussian_scales_v1,5d6f2dd75b763122028b82c7fc144e476d8fa07150cda991f6306e7007f350ee,operator,general_gaussian,NA,NA,general_gaussian,general_gaussian__general_gaussian_fp32_10e3__5c9273ef491310fb__sym,general_gaussian_fp32_10e3,10^3,1000,window_positions=[1000],FP32,GPU,not_applicable,compatibility/end-to-end,PASS,OK,0,d2h,4,1475616,70430720,408322048
1,20260806T115727Z_9ad02548cf6c_stage08_b01_formal_74000002,formal,20260806T115727Z,9ad02548cf6c74fae677c6162b7c4a2db2ac0e88,false,stage08_b01_general_gaussian_scales_v1,5d6f2dd75b763122028b82c7fc144e476d8fa07150cda991f6306e7007f350ee,operator,general_gaussian,NA,NA,general_gaussian,general_gaussian__general_gaussian_fp32_10e3__5c9273ef491310fb__sym,general_gaussian_fp32_10e3,10^3,1000,window_positions=[1000],FP32,GPU,not_applicable,compatibility/end-to-end,PASS,OK,0,release_sync,5,1468624,70430720,408322048
1,20260806T115727Z_9ad02548cf6c_stage08_b01_formal_74000002,formal,20260806T115727Z,9ad02548cf6c74fae677c6162b7c4a2db2ac0e88,false,stage08_b01_general_gaussian_scales_v1,5d6f2dd75b763122028b82c7fc144e476d8fa07150cda991f6306e7007f350ee,operator,general_gaussian,NA,NA,general_gaussian,general_gaussian__general_gaussian_fp32_10e3__5c9273ef491310fb__sym,general_gaussian_fp32_10e3,10^3,1000,window_positions=[1000],FP32,GPU,not_applicable,compatibility/end-to-end,PASS,OK,0,after,6,1468624,70430720,408322048
