schema_version,run_id,run_type,test_time_utc,git_commit,git_dirty,config_id,config_sha256,target_kind,target,task_name,step_name,operator_name,case_id,scale_id,order_of_magnitude,actual_elements,input_shape,dtype,device,backend,timing_scope,status,error_code,sample_index,trace_phase,phase_index,cpu_live_heap_bytes,rss_bytes,gpu_used_bytes
1,20260810T092028Z_76c5b6f8b36d_stage07_b02_formal_64c27d0d,formal,20260810T092028Z,76c5b6f8b36d91d030e14101c742f259424c26b0,true,stage07_b02_waveforms_five_dtype_v1,7f8d00dbaf6bb4c8bdb306111d98e484e5f70898515fdb54a895ae4fb92c7a06,operator,square,Task2,Step1,square,square__square_int8_10e3__cd0464b936fb450c,square_int8_10e3,10^3,1024,phase=[1024],INT8,CPU,not_applicable,compatibility/end-to-end,PASS,OK,0,before,0,1393344,69496832,NA
1,20260810T092028Z_76c5b6f8b36d_stage07_b02_formal_64c27d0d,formal,20260810T092028Z,76c5b6f8b36d91d030e14101c742f259424c26b0,true,stage07_b02_waveforms_five_dtype_v1,7f8d00dbaf6bb4c8bdb306111d98e484e5f70898515fdb54a895ae4fb92c7a06,operator,square,Task2,Step1,square,square__square_int8_10e3__cd0464b936fb450c,square_int8_10e3,10^3,1024,phase=[1024],INT8,CPU,not_applicable,compatibility/end-to-end,PASS,OK,0,allocate,1,1393632,69496832,NA
1,20260810T092028Z_76c5b6f8b36d_stage07_b02_formal_64c27d0d,formal,20260810T092028Z,76c5b6f8b36d91d030e14101c742f259424c26b0,true,stage07_b02_waveforms_five_dtype_v1,7f8d00dbaf6bb4c8bdb306111d98e484e5f70898515fdb54a895ae4fb92c7a06,operator,square,Task2,Step1,square,square__square_int8_10e3__cd0464b936fb450c,square_int8_10e3,10^3,1024,phase=[1024],INT8,CPU,not_applicable,compatibility/end-to-end,PASS,OK,0,h2d,2,1394208,69496832,NA
1,20260810T092028Z_76c5b6f8b36d_stage07_b02_formal_64c27d0d,formal,20260810T092028Z,76c5b6f8b36d91d030e14101c742f259424c26b0,true,stage07_b02_waveforms_five_dtype_v1,7f8d00dbaf6bb4c8bdb306111d98e484e5f70898515fdb54a895ae4fb92c7a06,operator,square,Task2,Step1,square,square__square_int8_10e3__cd0464b936fb450c,square_int8_10e3,10^3,1024,phase=[1024],INT8,CPU,not_applicable,compatibility/end-to-end,PASS,OK,0,execute_sync,3,1395344,69496832,NA
1,20260810T092028Z_76c5b6f8b36d_stage07_b02_formal_64c27d0d,formal,20260810T092028Z,76c5b6f8b36d91d030e14101c742f259424c26b0,true,stage07_b02_waveforms_five_dtype_v1,7f8d00dbaf6bb4c8bdb306111d98e484e5f70898515fdb54a895ae4fb92c7a06,operator,square,Task2,Step1,square,square__square_int8_10e3__cd0464b936fb450c,square_int8_10e3,10^3,1024,phase=[1024],INT8,CPU,not_applicable,compatibility/end-to-end,PASS,OK,0,d2h,4,1404208,69496832,NA
1,20260810T092028Z_76c5b6f8b36d_stage07_b02_formal_64c27d0d,formal,20260810T092028Z,76c5b6f8b36d91d030e14101c742f259424c26b0,true,stage07_b02_waveforms_five_dtype_v1,7f8d00dbaf6bb4c8bdb306111d98e484e5f70898515fdb54a895ae4fb92c7a06,operator,square,Task2,Step1,square,square__square_int8_10e3__cd0464b936fb450c,square_int8_10e3,10^3,1024,phase=[1024],INT8,CPU,not_applicable,compatibility/end-to-end,PASS,OK,0,release_sync,5,1405328,69496832,NA
1,20260810T092028Z_76c5b6f8b36d_stage07_b02_formal_64c27d0d,formal,20260810T092028Z,76c5b6f8b36d91d030e14101c742f259424c26b0,true,stage07_b02_waveforms_five_dtype_v1,7f8d00dbaf6bb4c8bdb306111d98e484e5f70898515fdb54a895ae4fb92c7a06,operator,square,Task2,Step1,square,square__square_int8_10e3__cd0464b936fb450c,square_int8_10e3,10^3,1024,phase=[1024],INT8,CPU,not_applicable,compatibility/end-to-end,PASS,OK,0,after,6,1405376,69496832,NA
1,20260810T092028Z_76c5b6f8b36d_stage07_b02_formal_64c27d0d,formal,20260810T092028Z,76c5b6f8b36d91d030e14101c742f259424c26b0,true,stage07_b02_waveforms_five_dtype_v1,7f8d00dbaf6bb4c8bdb306111d98e484e5f70898515fdb54a895ae4fb92c7a06,operator,square,Task2,Step1,square,square__square_int8_10e3__cd0464b936fb450c,square_int8_10e3,10^3,1024,phase=[1024],INT8,GPU,not_applicable,compatibility/end-to-end,PASS,OK,0,before,0,1405440,69496832,408322048
1,20260810T092028Z_76c5b6f8b36d_stage07_b02_formal_64c27d0d,formal,20260810T092028Z,76c5b6f8b36d91d030e14101c742f259424c26b0,true,stage07_b02_waveforms_five_dtype_v1,7f8d00dbaf6bb4c8bdb306111d98e484e5f70898515fdb54a895ae4fb92c7a06,operator,square,Task2,Step1,square,square__square_int8_10e3__cd0464b936fb450c,square_int8_10e3,10^3,1024,phase=[1024],INT8,GPU,not_applicable,compatibility/end-to-end,PASS,OK,0,allocate,1,1405792,69496832,408322048
1,20260810T092028Z_76c5b6f8b36d_stage07_b02_formal_64c27d0d,formal,20260810T092028Z,76c5b6f8b36d91d030e14101c742f259424c26b0,true,stage07_b02_waveforms_five_dtype_v1,7f8d00dbaf6bb4c8bdb306111d98e484e5f70898515fdb54a895ae4fb92c7a06,operator,square,Task2,Step1,square,square__square_int8_10e3__cd0464b936fb450c,square_int8_10e3,10^3,1024,phase=[1024],INT8,GPU,not_applicable,compatibility/end-to-end,PASS,OK,0,h2d,2,1406144,69496832,408322048
1,20260810T092028Z_76c5b6f8b36d_stage07_b02_formal_64c27d0d,formal,20260810T092028Z,76c5b6f8b36d91d030e14101c742f259424c26b0,true,stage07_b02_waveforms_five_dtype_v1,7f8d00dbaf6bb4c8bdb306111d98e484e5f70898515fdb54a895ae4fb92c7a06,operator,square,Task2,Step1,square,square__square_int8_10e3__cd0464b936fb450c,square_int8_10e3,10^3,1024,phase=[1024],INT8,GPU,not_applicable,compatibility/end-to-end,PASS,OK,0,execute_sync,3,1407520,69496832,408322048
1,20260810T092028Z_76c5b6f8b36d_stage07_b02_formal_64c27d0d,formal,20260810T092028Z,76c5b6f8b36d91d030e14101c742f259424c26b0,true,stage07_b02_waveforms_five_dtype_v1,7f8d00dbaf6bb4c8bdb306111d98e484e5f70898515fdb54a895ae4fb92c7a06,operator,square,Task2,Step1,square,square__square_int8_10e3__cd0464b936fb450c,square_int8_10e3,10^3,1024,phase=[1024],INT8,GPU,not_applicable,compatibility/end-to-end,PASS,OK,0,d2h,4,1415872,69496832,408322048
1,20260810T092028Z_76c5b6f8b36d_stage07_b02_formal_64c27d0d,formal,20260810T092028Z,76c5b6f8b36d91d030e14101c742f259424c26b0,true,stage07_b02_waveforms_five_dtype_v1,7f8d00dbaf6bb4c8bdb306111d98e484e5f70898515fdb54a895ae4fb92c7a06,operator,square,Task2,Step1,square,square__square_int8_10e3__cd0464b936fb450c,square_int8_10e3,10^3,1024,phase=[1024],INT8,GPU,not_applicable,compatibility/end-to-end,PASS,OK,0,release_sync,5,1416800,69496832,408322048
1,20260810T092028Z_76c5b6f8b36d_stage07_b02_formal_64c27d0d,formal,20260810T092028Z,76c5b6f8b36d91d030e14101c742f259424c26b0,true,stage07_b02_waveforms_five_dtype_v1,7f8d00dbaf6bb4c8bdb306111d98e484e5f70898515fdb54a895ae4fb92c7a06,operator,square,Task2,Step1,square,square__square_int8_10e3__cd0464b936fb450c,square_int8_10e3,10^3,1024,phase=[1024],INT8,GPU,not_applicable,compatibility/end-to-end,PASS,OK,0,after,6,1416800,69496832,408322048
